證券代號,證券名稱,公司名稱,資本額,成立日期,上市日期,收盤價,殖利率,股利年度,本益比,淨值比,財報年/季,營業收入,毛利率,營業利益率,稅前純益率,稅後純益率,成交價,100張以下人數,100張以下比例,101-200張人數,101-200張比例,201-400張人數,201-400張比例,401-800張人數,401-800張比例,801-1000張人數,801-1000張比例,1000張以上人數,1000張以上比例
1218,泰山,泰山企業股份有限公司,50.0,1970/01/01,1989/11/11,14.60,9.04,114,0.0,0.62,115/2,50.346,15.76,-1.0,-14.54,-15.63,14.60,82208,25.459999999999997,142,3.96,62,3.49,25,2.8899999999999997,7,1.29,34,62.85
1432,大魯閣,大魯閣實業股份有限公司,10.8,1970/01/01,1982/07/26,15.00,13.33,114,2.94,1.22,115/2,4.007,15.39,-31.58,-35.0,-32.89,15.00,257024,41.029999999999994,9,1.3,10,2.76,3,1.54,0,0.0,11,53.3
2010,春源,春源鋼鐵工業股份有限公司,64.77,1970/01/01,1989/12/22,23.00,8.7,114,9.16,1.19,115/2,128.8369,11.68,7.89,8.66,6.88,23.00,34225,23.090000000000003,173,3.74,92,3.91,38,3.29,6,0.83,75,65.06
2442,新美齊,新美齊股份有限公司,32.52,1970/01/01,2000/11/22,14.40,19.03,114,2.83,0.68,115/2,35.573,26.26,19.31,21.45,17.18,14.40,49652,34.62,143,6.03,54,4.77,22,3.86,7,1.89,22,48.76
2496,卓越,卓越成功股份有限公司,2.01,1970/01/01,2002/03/08,55.00,9.09,114,9.14,1.26,115/2,4.1557,54.67,15.31,14.39,11.27,55.00,4209,38.07,13,9.49,2,2.81,4,10.24,1,4.35,4,34.97
2504,國產,國產建材實業股份有限公司,118.0,1970/01/01,1978/03/14,30.65,8.48,114,9.61,1.39,115/2,102.4944,25.75,20.83,21.87,17.52,30.65,89285,17.999999999999996,306,3.64,130,3.1,81,3.9099999999999997,16,1.2,107,70.07
2528,皇普,皇普建設股份有限公司,43.6,1970/01/01,1995/03/10,19.40,15.46,114,7.89,1.12,115/2,16.6877,32.71,23.42,21.66,17.06,19.40,8103,9.75,94,3.02,45,2.86,32,3.91,7,1.38,49,79.01
2536,宏普,宏普建設股份有限公司,33.28,1970/01/01,1996/03/14,19.15,10.44,114,4.61,0.5,115/2,49.9085,21.36,18.25,15.94,14.74,19.15,8120,12.739999999999998,108,4.38,55,4.65,29,5.08,12,3.31,38,69.77
2539,櫻花建,櫻花建設股份有限公司,145.56,1970/01/01,1997/07/16,34.30,8.16,114,8.15,2.05,115/2,85.5028,44.84,40.6,41.04,32.96,34.30,20778,8.209999999999999,218,2.07,118,2.29,53,1.96,5,0.3,84,85.08
2540,愛山林,愛山林建設開發股份有限公司,94.49,1970/01/01,1989/12/26,48.45,12.38,114,0.0,4.25,115/2,37.4315,18.56,2.6,0.51,0.4,48.45,17135,6.259999999999999,80,1.2,41,1.21,22,1.32,7,0.66,54,89.27
2542,興富發,興富發建設股份有限公司,215.31,1970/01/01,1999/05/03,38.65,10.35,114,8.95,1.65,115/2,332.3685,31.0,24.76,25.6,21.09,38.65,109488,28.380000000000003,698,4.47,206,2.61,98,2.58,19,0.78,108,61.11
2548,華固,華固建設股份有限公司,33.57,1970/01/01,2002/08/26,91.60,9.28,114,7.41,1.41,115/2,57.0748,27.0,20.15,20.91,16.53,91.60,40514,38.699999999999996,129,5.3,73,6.12,46,7.59,12,3.1,44,39.12
2731,雄獅,雄獅旅行社股份有限公司,9.33,1970/01/01,2013/09/24,144.50,8.86,114,8.89,3.02,115/2,164.6106,15.12,4.43,5.26,4.18,144.50,30433,47.330000000000005,24,3.62,17,5.15,9,5.11,4,3.79,10,34.93
3040,遠見,遠見科技股份有限公司,6.62,1970/01/01,2002/08/26,33.85,10.34,114,0.0,1.53,115/2,0.6578,60.47,8.94,12.0,-9.56,33.85,23132,25.03,9,1.82,13,4.9,5,3.57,0,0.0,10,64.61
3679,新至陞,新至陞科技股份有限公司,6.3,1970/01/01,2011/10/05,108.00,8.33,114,9.14,1.41,115/2,20.8142,29.88,17.76,18.75,12.64,108.00,5034,23.43,26,5.64,11,4.98,12,11.86,0,0.0,13,54.01
5225,東科-KY,東科控股股份有限公司,7.91,1970/01/01,2012/11/05,55.40,13.01,114,8.34,1.38,115/2,49.993,13.14,2.61,3.57,3.02,55.40,8331,44.68,28,4.98,16,5.77,6,4.18,2,2.38,3,37.93
5519,隆大,隆大營建事業股份有限公司,23.02,1970/01/01,2014/02/10,25.30,15.02,114,5.08,0.98,115/2,11.293,30.19,19.33,20.47,15.59,25.30,18057,33.03,78,4.56,42,5.02,20,4.7,4,1.46,20,51.16
5522,遠雄,遠雄建設事業股份有限公司,78.16,1970/01/01,2007/08/06,61.00,9.02,114,6.08,1.0,115/2,85.3106,35.51,23.71,23.54,18.25,61.00,17923,8.849999999999998,72,1.3,41,1.49,21,1.55,7,0.77,28,85.98
9946,三發地產,三發地產股份有限公司,32.66,1970/01/01,2013/09/17,17.00,8.12,114,3.65,0.76,115/2,26.4521,53.51,45.27,43.98,34.72,17.00,13816,12.919999999999998,52,2.27,33,2.83,16,2.39,4,1.12,20,78.4
