證券代號,證券名稱,收盤 (2026-09-24),決策建議,三好一公道評等,三好一公道分數,三好_ROE,三好_淨負債,三好_EPS成長,一公道_本益比,四關卡_基本面,估值狀態,L1_獲利能力,L2_財務安全,L3_成長動能,CS選股評等,CS_價值面得分,CS_本業獲利得分,CS_總得分,CS_冠軍股得分,CS_A1_本益比<15,CS_A2_殖利率>5%,CS_B1_本益比<10,CS_B2_低於五年最低PE,CS_C1_營收成長>0,CS_C2_毛利率>0,CS_C3_營業利益率>0,CS_C4_稅前淨利率>0,CS_C5_稅後淨利率>0,CS_C6_本業比例>60%,CS_C7_ROE>10,CS_D1_資本額>15億,CS_D2_毛利率>30%,CS_D3_營業利益率>30%,GVI指標,三因子評分,財務健康評分,通過品質篩選,20日報酬率,5日均量,20日均量,量能倍數,量能訊號,殖利率,本益比,近五年最低本益比,淨值比,ROE,EPS成長率,資本額,每股淨值,外資持股(%),張數,毛利率,營業利益率,稅後淨利率,稅前淨利率,本業比例,營收成長率,淨利成長率,自由現金流,負債比率,淨負債,淨負債比率,流動比率,速動比率,現金流量比,本益比區間,產業,細產業,排除原因
5274.TWO,信驊,19835.0,分批獲利,三好一公道(佳),75,Pass,Pass,Pass,Fail,優良,昂貴,Pass,Pass,Pass,中等,0,7,7,2,Fail,Fail,Fail,Fail,Pass,Pass,Pass,Pass,Pass,Pass,Pass,Fail,Pass,Pass,0.35,66.20,85.00,False,0.27%,219張,300張,0.58x,正常,0.86%,62.89,22.06,36.07,66.24%,194.50%,4.2億,187.37,44.74%,763,67.27%,52.85%,42.00%,53.45%,98.89%,72.30%,194.50%,41.5億,26.74%,-54.7億,-72.31%,344.09%,332.65%,114.46%,62.9 [23.3-69.3],Technology,Semiconductors,高PE;
3044.TW,健鼎,538.0,持有/買進,三好一公道(佳),75,Pass,Pass,Pass,Fail,優良,合理,Pass,Pass,Pass,中等,0,7,7,1,Fail,Fail,Fail,Fail,Pass,Pass,Pass,Pass,Pass,Pass,Pass,Pass,Fail,Fail,0.59,59.25,85.00,False,0.10%,2.9千張,2.8千張,0.49x,量能萎縮,2.36%,23.15,7.10,5.08,24.43%,59.50%,52.6億,106.00,36.08%,"1,419",27.39%,22.47%,14.57%,19.07%,117.81%,38.80%,59.50%,58.3億,44.90%,-190.6億,-35.25%,180.41%,148.18%,115.40%,23.1 [12.1-24.0],Technology,Electronic Components,高PE;
2395.TW,研華,722.0,持有/買進,三好一公道(佳),75,Pass,Pass,Pass,Fail,優良,合理,Pass,Pass,Pass,中等,0,7,7,2,Fail,Fail,Fail,Fail,Pass,Pass,Pass,Pass,Pass,Pass,Pass,Pass,Pass,Fail,0.52,56.93,85.00,False,0.08%,2.3千張,2.9千張,0.92x,正常,2.98%,24.20,21.86,4.74,19.91%,126.30%,86.9億,63.73,22.43%,"3,181",40.12%,15.24%,14.62%,17.90%,85.13%,46.50%,126.30%,68.9億,27.30%,-93.2億,-16.97%,257.28%,185.63%,93.49%,24.2 [23.5-35.6],Technology,Computer Hardware,高PE;
2330.TW,台積電,2475.0,持有/買進,三好一公道(佳),75,Pass,Pass,Pass,Fail,優良,合理,Pass,Pass,Pass,中等,0,7,7,3,Fail,Fail,Fail,Fail,Pass,Pass,Pass,Pass,Pass,Pass,Pass,Pass,Pass,Pass,0.62,52.46,85.00,False,0.03%,2.0萬張,1.9萬張,0.70x,正常,1.48%,22.83,11.61,7.19,34.66%,77.40%,2593.2億,248.05,42.50%,"63,334",58.98%,50.58%,43.29%,53.60%,94.37%,36.00%,77.40%,9923.8億,31.98%,-17032.7億,-31.81%,250.73%,231.80%,134.01%,22.8 [12.8-25.1],Technology,Semiconductors,高PE;
2308.TW,台達電,1910.0,分批獲利,三好一公道(佳),75,Pass,Pass,Pass,Fail,優良,昂貴,Pass,Pass,Pass,中等,0,7,7,2,Fail,Fail,Fail,Fail,Pass,Pass,Pass,Pass,Pass,Pass,Pass,Pass,Pass,Fail,0.26,47.71,85.00,False,0.04%,1.2萬張,1.1萬張,0.77x,正常,0.78%,46.74,11.85,9.66,19.82%,80.40%,259.8億,113.07,37.70%,"17,307",33.38%,16.50%,9.85%,15.83%,104.20%,47.70%,80.40%,513.2億,49.13%,-746.5億,-27.85%,188.77%,140.37%,163.83%,46.7 [14.1-56.7],Technology,Electronic Components,高PE;
6277.TW,宏正,77.8,基本面未標,三好一公道(佳),75,Fail,Pass,Pass,Pass,未達標,合理,Fail,Pass,Pass,優良,1,7,8,1,Fail,Pass,Fail,Fail,Pass,Pass,Pass,Pass,Pass,Pass,Pass,Fail,Pass,Fail,0.85,39.02,85.00,False,-0.02%,103張,154張,0.43x,低檔盤整,7.20%,19.07,14.13,1.93,10.46%,166.00%,11.9億,40.25,1.35%,67,59.73%,16.54%,9.47%,10.46%,158.14%,18.60%,166.00%,4.3億,30.48%,-1.9億,-3.90%,224.51%,151.66%,182.60%,19.1 [13.8-21.4],Technology,Computer Hardware,高PE;
2347.TW,聯強,94.5,基本面未標,三好一公道(佳),75,Pass,Fail,Pass,Pass,未達標,合理,Fail,Fail,Pass,優良,1,7,8,1,Pass,Fail,Fail,Fail,Pass,Pass,Pass,Pass,Pass,Pass,Pass,Pass,Fail,Fail,1.18,68.23,80.00,False,0.09%,2.8千張,2.9千張,0.82x,正常,4.44%,12.91,10.39,1.82,16.46%,196.90%,166.8億,51.90,26.23%,"2,368",3.93%,2.38%,2.20%,2.87%,82.76%,115.40%,196.90%,109.1億,61.72%,521.9億,65.08%,150.90%,113.70%,135.18%,12.9 [7.2-13.3],Technology,Electronics & Computer Distribution,高負債;
6147.TWO,頎邦,213.5,基本面未標,三好一公道(佳),75,Fail,Pass,Pass,Pass,未達標,合理,Fail,Fail,Pass,優良,2,6,8,1,Pass,Pass,Fail,Fail,Pass,Pass,Pass,Pass,Pass,Pass,Fail,Pass,Fail,Fail,1.60,66.48,80.00,False,0.17%,4.4萬張,4.6萬張,0.33x,量能萎縮,7.28%,13.55,10.10,0.84,6.14%,129.90%,74.5億,78.58,24.45%,"5,247",22.09%,10.74%,13.40%,15.18%,70.76%,23.40%,129.90%,-15.6億,12.65%,-52.2億,-11.01%,335.45%,259.71%,127.86%,13.6 [13.1-16.6],Technology,Semiconductor Equipment & Materials,負現金流;低ROE;
2454.TW,聯發科,5285.0,基本面未標,三好一公道(佳),75,Pass,Pass,Fail,Pass,未達標,合理,Pass,Pass,Fail,中等,0,7,7,2,Fail,Fail,Fail,Fail,Pass,Pass,Pass,Pass,Pass,Pass,Pass,Pass,Pass,Fail,0.70,66.97,70.00,False,0.33%,8.4千張,7.8千張,0.92x,正常,4.72%,17.18,12.04,4.35,25.11%,-12.70%,159.7億,265.77,42.74%,"7,830",48.10%,15.61%,18.19%,20.96%,74.49%,1.20%,-12.70%,1373.7億,44.98%,-2215.6億,-55.31%,131.02%,108.86%,154.57%,17.2 [16.8-23.2],Technology,Semiconductors,高PE;低流動;
2890.TW,永豐金,45.1,基本面未標,三好一公道(佳),75,Fail,Pass,Pass,Pass,未達標,合理,Fail,Fail,Pass,中等,1,6,7,2,Pass,Fail,Fail,Fail,Pass,Fail,Pass,Pass,Pass,Pass,Pass,Pass,Fail,Pass,1.07,64.54,65.00,False,0.13%,2.3萬張,2.7萬張,0.38x,量能萎縮,3.41%,14.51,9.45,1.62,11.60%,126.20%,1478.2億,17.93,21.66%,"34,653",0.00%,48.17%,36.76%,43.09%,111.78%,72.30%,126.20%,495.5億,93.01%,-982.4億,-38.45%,-,-,193.87%,14.5 [9.6-14.8],Financial Services,Banks - Regional,高負債;
2834.TW,臺企銀,17.9,基本面未標,三好一公道(佳),75,Fail,Pass,Pass,Pass,未達標,合理,Fail,Fail,Pass,中等,1,5,6,2,Pass,Fail,Fail,Fail,Pass,Fail,Pass,Pass,Pass,Pass,Fail,Pass,Fail,Pass,1.46,63.72,65.00,False,0.09%,3.3萬張,8.2萬張,0.17x,量能萎縮,1.29%,12.50,9.18,1.05,8.88%,13.30%,1039.8億,14.86,33.47%,"13,473",0.00%,46.16%,37.66%,43.52%,106.06%,7.50%,13.30%,467.7億,94.14%,-1336.2億,-90.95%,-,-,390.71%,12.5 [9.5-12.8],Financial Services,Banks - Regional,高負債;低ROE;
2881.TW,富邦金,150.0,基本面未標,三好一公道(佳),75,Pass,Pass,Fail,Pass,未達標,便宜,Fail,Fail,Fail,中等,1,6,7,3,Pass,Fail,Fail,Fail,Fail,Pass,Pass,Pass,Pass,Pass,Pass,Pass,Pass,Pass,1.22,60.26,65.00,False,0.04%,1.6萬張,1.7萬張,0.48x,量能萎縮,4.67%,10.60,4.93,1.55,13.55%,-,1366.6億,89.36,21.29%,"75,934",52.45%,62.15%,12.03%,36.14%,171.99%,-25.40%,-,57.5億,92.25%,-3215.4億,-32.72%,159.20%,99.90%,11.91%,10.6 [8.0-11.3],Financial Services,Insurance - Life,高負債;
6189.TW,豐藝,49.2,基本面未標,三好一公道(佳),75,Pass,Pass,Fail,Pass,未達標,合理,Fail,Fail,Fail,優良,2,7,9,1,Pass,Pass,Fail,Fail,Pass,Pass,Pass,Pass,Pass,Pass,Pass,Pass,Fail,Fail,1.12,56.20,65.00,False,0.02%,431張,341張,0.72x,正常,5.49%,12.21,7.49,2.15,19.23%,-,26.4億,22.93,8.23%,251,8.91%,4.97%,3.64%,3.57%,139.29%,1.20%,-,4.4億,56.68%,7.9億,12.70%,171.46%,121.64%,67.11%,12.2 [10.0-13.3],Technology,Electronics & Computer Distribution,高負債;
6278.TW,台表科,212.0,基本面未標,三好一公道(佳),75,Pass,Pass,Pass,Fail,未達標,合理,Fail,Fail,Pass,中等,0,7,7,1,Fail,Fail,Fail,Fail,Pass,Pass,Pass,Pass,Pass,Pass,Pass,Pass,Fail,Fail,0.70,52.65,65.00,False,0.05%,9.1千張,4.6千張,1.43x,正常,2.63%,21.65,8.07,2.65,13.16%,68.30%,28.6億,80.10,21.85%,"6,702",12.20%,6.18%,5.63%,7.04%,87.79%,5.10%,68.30%,15.8億,55.48%,-35.6億,-15.48%,152.49%,137.54%,175.19%,21.7 [9.1-24.5],Technology,Electronic Components,高PE;高負債;
6261.TWO,久元,78.3,基本面未標,三好一公道(佳),75,Fail,Pass,Pass,Pass,未達標,合理,Fail,Fail,Pass,中等,0,6,6,1,Fail,Fail,Fail,Fail,Pass,Pass,Pass,Pass,Pass,Pass,Fail,Fail,Pass,Fail,1.06,46.63,65.00,False,-0.01%,568張,477張,0.81x,正常,3.19%,15.41,11.81,1.47,9.35%,255.30%,12.8億,53.23,3.23%,391,31.03%,9.37%,15.04%,14.15%,66.18%,12.30%,255.30%,-3.2億,18.14%,-11.2億,-16.76%,346.01%,251.31%,122.07%,15.4 [11.1-25.5],Technology,Semiconductor Equipment & Materials,高PE;負現金流;低ROE;
6239.TW,力成,287.0,★賣出 (貴且差),三好一公道(佳),75,Pass,Pass,Pass,Fail,未達標,昂貴,Fail,Fail,Pass,中等,0,7,7,1,Fail,Fail,Fail,Fail,Pass,Pass,Pass,Pass,Pass,Pass,Pass,Pass,Fail,Fail,0.52,41.62,65.00,False,0.00%,1.6萬張,1.3萬張,0.40x,量能萎縮,1.57%,28.50,8.36,3.71,13.84%,131.00%,73.0億,77.33,33.48%,"5,319",19.10%,15.27%,8.70%,11.73%,130.17%,28.00%,131.00%,-93.2億,42.13%,155.2億,27.57%,195.01%,167.39%,301.63%,28.5 [13.6-36.9],Technology,Semiconductors,高PE;負現金流;
1519.TW,華城,699.0,★賣出 (貴且差),三好一公道(佳),75,Pass,Pass,Pass,Fail,未達標,昂貴,Pass,Fail,Fail,中等,0,6,6,2,Fail,Fail,Fail,Fail,Fail,Pass,Pass,Pass,Pass,Pass,Pass,Pass,Pass,Fail,0.34,37.69,65.00,False,-0.07%,653張,1.4千張,0.40x,低檔盤整,1.31%,50.51,19.41,24.80,52.88%,29.50%,34.7億,26.49,10.03%,"12,908",38.64%,20.95%,18.33%,22.97%,91.22%,-10.20%,29.50%,46.9億,61.65%,-19.2億,-18.16%,165.53%,101.49%,134.89%,50.5 [21.0-59.9],Industrials,Electrical Equipment & Parts,高PE;高負債;
2383.TW,台光電,5050.0,★賣出 (貴且差),三好一公道(佳),75,Pass,Pass,Pass,Fail,未達標,昂貴,Pass,Fail,Pass,中等,0,7,7,1,Fail,Fail,Fail,Fail,Pass,Pass,Pass,Pass,Pass,Pass,Pass,Pass,Fail,Fail,0.43,36.89,65.00,False,-0.08%,2.3千張,1.9千張,1.18x,正常,1.27%,34.72,9.60,10.55,35.44%,186.50%,35.8億,162.80,41.45%,"5,345",29.90%,19.84%,15.43%,20.03%,99.07%,110.00%,186.50%,20.9億,53.26%,1.0億,0.20%,160.02%,123.79%,81.70%,34.7 [10.6-40.4],Technology,Electronic Components,高PE;高負債;
6196.TW,帆宣,565.0,★賣出 (貴且差),三好一公道(佳),75,Pass,Pass,Pass,Fail,未達標,昂貴,Fail,Fail,Pass,中等,0,7,7,1,Fail,Fail,Fail,Fail,Pass,Pass,Pass,Pass,Pass,Pass,Pass,Pass,Fail,Fail,0.57,63.08,50.00,False,0.15%,1.5千張,1.5千張,0.95x,正常,1.14%,25.45,7.96,6.97,31.78%,341.50%,22.0億,81.08,10.88%,"1,512",12.33%,8.92%,7.89%,7.53%,118.44%,73.80%,341.50%,44.1億,71.81%,-33.4億,-20.78%,123.63%,96.56%,174.96%,25.5 [9.8-26.6],Technology,Semiconductor Equipment & Materials,高PE;高負債;低流動;
2892.TW,第一金,39.5,基本面未標,三好一公道(佳),75,Fail,Pass,Pass,Pass,未達標,合理,Fail,Fail,Pass,普通,0,5,5,2,Fail,Fail,Fail,Fail,Pass,Fail,Pass,Pass,Pass,Pass,Fail,Pass,Fail,Pass,1.03,62.90,50.00,False,0.15%,2.3萬張,3.5萬張,0.33x,量能萎縮,3.36%,15.99,11.87,1.55,9.89%,58.60%,1437.9億,20.97,31.57%,"17,644",0.00%,50.29%,38.06%,43.27%,116.22%,33.30%,58.60%,613.6億,94.20%,-2795.7億,-95.62%,-,-,234.81%,16.0 [13.0-17.0],Financial Services,Banks - Regional,高PE;高負債;低ROE;
2891.TW,中信金,68.5,基本面未標,三好一公道(佳),75,Pass,Pass,Fail,Pass,未達標,便宜,Fail,Fail,Fail,優良,2,6,8,3,Pass,Pass,Fail,Fail,Fail,Pass,Pass,Pass,Pass,Pass,Pass,Pass,Pass,Pass,1.07,61.32,50.00,False,0.06%,3.0萬張,3.2萬張,0.54x,正常,5.30%,11.60,6.61,1.85,14.70%,-,1996.4億,34.35,40.81%,"37,763",68.38%,39.04%,13.98%,35.38%,110.35%,-20.20%,-,67.8百萬,94.11%,-3105.1億,-59.91%,23.50%,15.70%,8.32%,11.6 [8.5-11.7],Financial Services,Banks - Regional,高負債;低流動;
2379.TW,瑞昱,749.0,基本面未標,三好一公道(佳),75,Pass,Pass,Fail,Pass,未達標,合理,Pass,Fail,Fail,優良,1,7,8,2,Fail,Pass,Fail,Fail,Pass,Pass,Pass,Pass,Pass,Pass,Pass,Pass,Pass,Fail,0.76,60.65,50.00,False,0.07%,3.3千張,2.7千張,1.00x,正常,5.12%,16.75,13.12,5.38,32.48%,-2.80%,51.3億,97.83,47.05%,"2,331",50.07%,10.56%,12.62%,14.07%,75.07%,17.70%,-2.80%,183.5億,59.81%,-16.8億,-3.22%,130.23%,104.07%,156.00%,16.8 [13.9-19.0],Technology,Semiconductors,高PE;高負債;低流動;
3017.TW,奇鋐,3555.0,★賣出 (貴且差),三好一公道(佳),75,Pass,Pass,Pass,Fail,未達標,昂貴,Pass,Fail,Pass,中等,0,7,7,1,Fail,Fail,Fail,Fail,Pass,Pass,Pass,Pass,Pass,Pass,Pass,Pass,Fail,Fail,0.49,56.42,50.00,False,0.06%,2.4千張,2.9千張,0.73x,正常,0.80%,33.11,6.82,13.20,45.16%,138.70%,39.3億,140.61,38.60%,"13,052",25.40%,20.76%,13.20%,20.61%,100.70%,66.00%,138.70%,317.7億,68.42%,-234.1億,-52.49%,129.42%,78.57%,205.43%,33.1 [9.0-42.3],Technology,Electronic Components,高PE;高負債;低流動;
6223.TWO,旺矽,5415.0,★賣出 (貴且差),三好一公道(佳),75,Pass,Pass,Pass,Fail,未達標,昂貴,Pass,Fail,Pass,中等,0,7,7,1,Fail,Fail,Fail,Fail,Pass,Pass,Pass,Pass,Pass,Pass,Pass,Fail,Pass,Fail,0.23,55.04,50.00,False,0.08%,1.0千張,995張,0.49x,量能萎縮,0.87%,60.25,8.95,15.91,30.05%,140.60%,9.8億,162.32,48.21%,"1,535",56.25%,26.24%,23.48%,28.75%,91.27%,58.90%,140.60%,-19.2億,39.26%,-22.2億,-15.25%,175.94%,109.73%,64.16%,60.2 [15.9-70.2],Technology,Semiconductor Equipment & Materials,高PE;負現金流;
2886.TW,兆豐金,49.6,基本面未標,三好一公道(佳),75,Fail,Pass,Pass,Pass,未達標,合理,Fail,Fail,Pass,普通,0,5,5,2,Fail,Fail,Fail,Fail,Pass,Fail,Pass,Pass,Pass,Pass,Fail,Pass,Fail,Pass,1.01,50.99,50.00,False,0.03%,2.2萬張,2.7萬張,0.30x,低檔盤整,4.05%,17.32,13.69,1.53,9.06%,17.90%,1483.3億,27.12,34.13%,"20,466",0.00%,56.30%,45.05%,49.15%,114.54%,25.20%,17.90%,1588.4億,92.32%,-7687.0億,-195.91%,-,-,460.46%,17.3 [15.0-18.9],Financial Services,Banks - Regional,高PE;高負債;低ROE;
2317.TW,鴻海,250.5,基本面未標,三好一公道(佳),75,Fail,Pass,Pass,Pass,未達標,合理,Fail,Fail,Pass,中等,0,7,7,1,Fail,Fail,Fail,Fail,Pass,Pass,Pass,Pass,Pass,Pass,Pass,Pass,Fail,Fail,0.91,44.74,50.00,False,-0.01%,3.3萬張,3.0萬張,1.10x,正常,2.58%,16.78,7.75,1.92,11.82%,34.20%,1401.2億,136.03,26.48%,"96,595",6.24%,3.43%,2.50%,3.62%,94.72%,40.80%,34.20%,513.4億,61.39%,2700.5億,15.23%,146.15%,105.73%,119.80%,16.8 [8.1-19.8],Technology,Electronic Components,高PE;高負債;低流動;
6414.TW,樺漢,374.0,基本面未標,三好一公道(佳),75,Pass,Fail,Pass,Pass,未達標,合理,Fail,Fail,Pass,中等,0,7,7,0,Fail,Fail,Fail,Fail,Pass,Pass,Pass,Pass,Pass,Pass,Pass,Fail,Fail,Fail,1.01,42.63,50.00,False,-0.04%,654張,927張,0.61x,低檔盤整,3.68%,16.98,8.61,1.97,14.85%,83.60%,14.8億,189.41,16.83%,589,20.33%,5.55%,2.28%,6.96%,79.70%,39.40%,83.60%,63.0億,61.14%,109.8億,39.61%,129.87%,92.31%,355.42%,17.0 [11.3-22.8],Technology,Computer Hardware,高PE;高負債;低流動;
2356.TW,英業達,59.9,基本面未標,三好一公道(佳),75,Pass,Fail,Pass,Pass,未達標,合理,Fail,Fail,Pass,中等,0,7,7,1,Fail,Fail,Fail,Fail,Pass,Pass,Pass,Pass,Pass,Pass,Pass,Pass,Fail,Fail,0.93,38.78,50.00,False,-0.08%,1.2萬張,1.5萬張,0.66x,正常,4.17%,16.32,13.04,2.08,14.00%,77.00%,358.7億,21.65,20.41%,"12,120",5.28%,1.74%,1.25%,1.74%,100.12%,44.60%,77.00%,43.7億,76.95%,349.6億,45.90%,114.87%,82.32%,160.92%,16.3 [12.8-20.7],Technology,Computer Hardware,高PE;高負債;低流動;
2324.TW,仁寶,36.5,基本面未標,三好一公道(佳),75,Fail,Pass,Pass,Pass,未達標,合理,Fail,Fail,Pass,中等,0,6,6,1,Fail,Fail,Fail,Fail,Pass,Pass,Pass,Pass,Pass,Pass,Fail,Pass,Fail,Fail,1.36,37.25,50.00,False,-0.08%,3.2萬張,5.0萬張,0.35x,低檔盤整,4.89%,19.10,11.92,0.98,5.90%,554.50%,425.7億,31.70,41.30%,"38,787",5.43%,1.43%,0.82%,1.38%,103.68%,32.10%,554.50%,212.4億,66.35%,90.3億,6.85%,134.32%,102.79%,493.75%,19.1 [15.8-25.8],Technology,Computer Hardware,高PE;高負債;低流動;低ROE;
2345.TW,智邦,1895.0,基本面未標,三好一公道(佳),75,Pass,Pass,Pass,Fail,未達標,合理,Fail,Fail,Pass,中等,0,7,7,1,Fail,Fail,Fail,Fail,Pass,Pass,Pass,Pass,Pass,Pass,Pass,Pass,Fail,Fail,0.93,37.19,50.00,False,-0.11%,3.8千張,3.3千張,0.73x,正常,1.21%,22.68,9.04,10.22,57.04%,120.10%,55.9億,123.52,44.40%,"6,647",18.62%,12.34%,10.46%,13.26%,93.09%,57.60%,120.10%,298.2億,59.76%,-246.5億,-42.83%,147.31%,110.56%,132.31%,22.7 [10.6-29.5],Technology,Communication Equipment,高PE;高負債;低流動;
2301.TW,光寶科,287.0,基本面未標,三好一公道(佳),75,Pass,Pass,Pass,Fail,未達標,合理,Pass,Fail,Pass,中等,0,7,7,1,Fail,Fail,Fail,Fail,Pass,Pass,Pass,Pass,Pass,Pass,Pass,Pass,Fail,Fail,0.52,31.20,50.00,False,-0.10%,1.6萬張,2.2萬張,0.43x,低檔盤整,4.24%,24.68,10.34,4.17,16.81%,126.80%,227.0億,42.22,39.47%,"25,557",22.84%,10.43%,8.94%,11.87%,87.87%,30.40%,126.80%,75.9億,56.25%,-566.4億,-63.06%,149.66%,118.40%,96.14%,24.7 [11.2-31.7],Technology,Computer Hardware,高PE;高負債;低流動;
2020.TW,美亞,22.1,基本面未標,三好一公道(佳),75,Pass,Fail,Pass,Pass,未達標,便宜,Fail,Fail,Fail,優良,2,6,8,1,Pass,Pass,Fail,Fail,Fail,Pass,Pass,Pass,Pass,Pass,Pass,Pass,Fail,Fail,1.33,56.90,45.00,False,0.01%,324張,283張,2.59x,量能放大,8.14%,10.68,4.69,1.39,13.01%,27.00%,26.7億,15.94,1.46%,737,21.20%,17.17%,11.88%,14.32%,119.86%,-1.80%,27.00%,-4.3億,50.66%,32.3億,72.17%,157.20%,45.82%,-53.63%,10.7 [10.0-11.5],Basic Materials,Steel,高負債;負現金流;
8112.TW,至上,83.5,基本面未標,三好一公道(佳),75,Pass,Fail,Pass,Pass,未達標,便宜,Fail,Fail,Pass,★極優,1,7,10,1,Pass,Fail,Pass,Pass,Pass,Pass,Pass,Pass,Pass,Pass,Pass,Pass,Fail,Fail,2.45,52.24,45.00,False,-0.08%,4.1千張,6.0千張,0.47x,低檔盤整,4.55%,6.18,7.46,1.97,36.93%,1411.00%,56.2億,42.42,21.37%,"2,880",3.78%,3.21%,1.90%,1.72%,186.89%,167.20%,1411.00%,-167.9億,75.93%,429.0億,224.66%,170.52%,100.81%,-615.64%,6.2 [3.0-7.4],Technology,Semiconductors,高負債;負現金流;
5880.TW,合庫金,26.4,基本面未標,三好一公道(佳),75,Fail,Pass,Pass,Pass,未達標,合理,Fail,Fail,Pass,普通,0,5,5,2,Fail,Fail,Fail,Fail,Pass,Fail,Pass,Pass,Pass,Pass,Fail,Pass,Fail,Pass,1.00,53.74,35.00,False,0.05%,1.6萬張,2.1萬張,0.69x,低檔盤整,2.92%,19.51,17.17,1.45,7.65%,41.90%,1607.3億,18.06,12.14%,"11,777",0.00%,38.24%,30.35%,35.37%,108.11%,27.10%,41.90%,40.8億,94.70%,-3661.7億,-131.13%,-,-,28.34%,19.5 [16.8-20.3],Financial Services,Banks - Regional,高PE;高負債;低ROE;
8299.TWO,群聯,2125.0,★賣出 (貴且差),三好一公道(佳),75,Pass,Pass,Pass,Fail,未達標,昂貴,Fail,Fail,Pass,中等,0,6,6,2,Fail,Fail,Fail,Fail,Pass,Pass,Pass,Pass,Pass,Fail,Pass,Pass,Pass,Fail,0.43,35.33,35.00,False,-0.01%,5.3千張,4.1千張,0.96x,正常,2.97%,36.36,9.32,4.40,13.35%,3095.50%,22.1億,461.46,22.56%,"1,879",30.86%,7.85%,10.41%,14.05%,55.89%,279.50%,3095.50%,-3.3億,29.91%,-127.0億,-21.13%,270.72%,129.95%,18.28%,36.4 [13.5-47.5],Technology,Semiconductors,高PE;低本業;負現金流;
3443.TW,創意,8525.0,★賣出 (貴且差),三好一公道(佳),75,Pass,Pass,Pass,Fail,未達標,昂貴,Pass,Fail,Pass,中等,0,7,7,0,Fail,Fail,Fail,Fail,Pass,Pass,Pass,Pass,Pass,Pass,Pass,Fail,Fail,Fail,0.18,62.86,30.00,False,0.42%,1.9千張,1.8千張,0.78x,正常,0.86%,71.93,29.74,21.17,31.20%,99.50%,13.4億,100.48,29.35%,"3,736",29.15%,12.25%,12.45%,13.01%,94.14%,127.60%,99.50%,-23.1億,54.60%,-63.8億,-49.41%,171.20%,103.70%,-30.32%,71.9 [31.3-79.1],Technology,Semiconductors,高PE;高負債;負現金流;
6274.TWO,台燿,1495.0,★賣出 (貴且差),三好一公道(佳),75,Pass,Pass,Pass,Fail,未達標,昂貴,Pass,Fail,Pass,中等,0,7,7,1,Fail,Fail,Fail,Fail,Pass,Pass,Pass,Pass,Pass,Pass,Pass,Pass,Fail,Fail,0.38,43.33,30.00,False,0.00%,9.7千張,7.4千張,1.36x,正常,1.66%,39.37,9.12,6.77,20.64%,244.50%,28.9億,83.64,35.29%,"15,829",23.06%,15.70%,11.01%,14.89%,105.42%,110.90%,244.50%,-13.9億,53.16%,32.8億,17.62%,221.27%,170.62%,17.48%,39.4 [11.1-42.9],Technology,Electronic Components,高PE;高負債;負現金流;
2368.TW,金像電,1105.0,★賣出 (貴且差),三好一公道(佳),75,Pass,Pass,Pass,Fail,未達標,昂貴,Pass,Fail,Pass,中等,0,7,7,2,Fail,Fail,Fail,Fail,Pass,Pass,Pass,Pass,Pass,Pass,Pass,Pass,Pass,Fail,0.42,42.75,30.00,False,-0.02%,1.1萬張,8.8千張,1.72x,量能增加,1.09%,34.72,7.11,10.16,33.98%,173.90%,51.2億,82.42,34.74%,"17,140",31.27%,26.28%,14.89%,23.62%,111.26%,75.30%,173.90%,-45.4億,55.80%,-41.3百萬,-0.12%,204.46%,169.09%,23.51%,34.7 [8.8-36.4],Technology,Electronic Components,高PE;高負債;負現金流;
3231.TW,緯創,184.5,基本面未標,三好一公道(佳),75,Pass,Fail,Pass,Pass,未達標,合理,Fail,Fail,Pass,中等,0,7,7,1,Fail,Fail,Fail,Fail,Pass,Pass,Pass,Pass,Pass,Pass,Pass,Pass,Fail,Fail,1.14,60.06,15.00,False,0.04%,3.6萬張,5.2萬張,0.53x,低檔盤整,2.73%,17.06,7.71,2.74,25.49%,99.00%,318.0億,61.01,32.68%,"39,878",6.67%,4.78%,1.39%,3.49%,137.06%,62.40%,99.00%,-1469.2億,76.93%,2024.5億,114.00%,128.94%,80.39%,-386.05%,17.1 [8.8-19.4],Technology,Computer Hardware,高PE;高負債;低流動;負現金流;
4938.TW,和碩,91.3,基本面未標,三好一公道(佳),75,Fail,Pass,Pass,Pass,未達標,合理,Fail,Fail,Pass,中等,1,5,6,1,Fail,Pass,Fail,Fail,Pass,Pass,Pass,Pass,Pass,Fail,Fail,Pass,Fail,Fail,1.41,55.52,15.00,False,0.03%,8.1千張,8.9千張,0.88x,正常,6.36%,15.06,11.12,0.99,6.92%,1447.00%,267.6億,77.33,27.45%,"9,769",3.67%,1.25%,1.15%,2.23%,56.01%,2.70%,1447.00%,-22.5億,60.45%,-442.8億,-21.36%,133.04%,109.51%,136.36%,15.1 [13.8-19.9],Technology,Computer Hardware,高PE;高負債;低流動;低本業;負現金流;低ROE;
2382.TW,廣達,338.5,基本面未標,三好一公道(佳),75,Pass,Fail,Pass,Pass,未達標,合理,Fail,Fail,Pass,中等,0,7,7,1,Fail,Fail,Fail,Fail,Pass,Pass,Pass,Pass,Pass,Pass,Pass,Pass,Fail,Fail,0.82,52.43,15.00,False,0.02%,1.2萬張,1.4萬張,0.64x,正常,4.81%,15.55,8.40,4.87,31.98%,66.90%,410.0億,63.20,25.71%,"13,962",7.31%,3.71%,3.61%,4.49%,82.70%,105.60%,66.90%,-255.4億,80.96%,1441.9億,59.20%,121.49%,70.91%,-13.82%,15.6 [9.6-18.1],Technology,Computer Hardware,高PE;高負債;低流動;負現金流;
2303.TW,聯電,154.0,基本面未標,三好一公道(佳),75,Fail,Pass,Pass,Pass,未達標,合理,Fail,Pass,Pass,優良,2,7,9,1,Pass,Pass,Fail,Fail,Pass,Pass,Pass,Pass,Pass,Pass,Pass,Pass,Fail,Fail,1.07,65.78,100.00,True,0.18%,20.3萬張,19.6萬張,0.78x,正常,6.33%,13.31,7.83,1.57,10.96%,374.60%,1254.0億,35.30,40.52%,"36,002",28.92%,18.70%,17.01%,20.24%,92.39%,17.00%,374.60%,491.3億,35.50%,-508.8億,-13.91%,228.74%,187.16%,247.43%,13.3 [11.0-14.4],Technology,Semiconductors,
1707.TW,葡萄王,87.0,基本面未標,三好一公道(佳),75,Pass,Pass,Fail,Pass,未達標,便宜,Pass,Pass,Fail,優良,2,6,9,1,Pass,Pass,Fail,Pass,Fail,Pass,Pass,Pass,Pass,Pass,Pass,Fail,Pass,Fail,1.64,54.71,100.00,True,-0.03%,208張,500張,0.26x,低檔盤整,6.90%,11.31,12.27,1.26,15.59%,-14.30%,14.8億,69.11,13.27%,132,73.47%,17.12%,11.34%,22.41%,76.39%,-6.00%,-14.30%,17.2億,23.33%,-39.5億,-38.19%,165.46%,141.22%,178.92%,11.3 [11.2-16.1],Healthcare,Drug Manufacturers - Specialty & Generic,
3592.TW,瑞鼎,224.5,基本面未標,三好一公道(佳),75,Fail,Pass,Pass,Pass,未達標,合理,Fail,Pass,Pass,優良,2,7,9,0,Pass,Pass,Fail,Fail,Pass,Pass,Pass,Pass,Pass,Pass,Pass,Fail,Fail,Fail,1.16,49.22,100.00,True,-0.01%,232張,343張,0.74x,低檔盤整,6.50%,13.44,10.38,1.50,11.56%,29.20%,7.6億,150.14,13.41%,258,27.85%,5.19%,5.62%,6.99%,74.22%,16.60%,29.20%,5.1億,41.40%,-21.5億,-18.65%,225.30%,195.62%,86.64%,13.4 [11.7-17.0],Technology,Semiconductors,
4904.TW,遠傳,105.5,持有/買進,觀察,50,Pass,Fail,Pass,Fail,優良,合理,Pass,Pass,Pass,中等,0,7,7,2,Fail,Fail,Fail,Fail,Pass,Pass,Pass,Pass,Pass,Pass,Pass,Pass,Pass,Fail,0.55,50.39,70.00,False,0.05%,4.9千張,4.9千張,0.40x,量能萎縮,3.89%,24.12,18.75,3.73,15.43%,18.60%,360.8億,23.88,34.01%,"11,054",31.01%,15.85%,12.80%,15.48%,102.40%,9.80%,18.60%,258.4億,48.56%,478.7億,51.95%,105.13%,95.23%,239.27%,24.1 [21.1-25.3],Communication Services,Telecom Services,高PE;低流動;
6271.TW,同欣電,229.0,★賣出 (貴且差),觀察,50,Fail,Pass,Pass,Fail,未達標,昂貴,Fail,Pass,Pass,中等,0,6,6,1,Fail,Fail,Fail,Fail,Pass,Pass,Pass,Pass,Pass,Pass,Fail,Pass,Fail,Fail,0.80,50.84,85.00,False,0.07%,2.3千張,5.0千張,0.35x,量能萎縮,1.31%,25.76,10.54,1.76,7.03%,637.40%,20.9億,130.24,16.81%,"1,822",28.86%,18.14%,15.97%,15.81%,114.71%,6.30%,637.40%,22.7億,22.18%,-1.4億,-0.52%,267.97%,228.16%,235.29%,25.8 [12.0-32.3],Technology,Semiconductor Equipment & Materials,高PE;低ROE;
3035.TW,智原,206.5,★賣出 (貴且差),觀察,50,Fail,Pass,Pass,Fail,未達標,昂貴,Fail,Pass,Fail,普通,0,5,5,2,Fail,Fail,Fail,Fail,Fail,Pass,Pass,Pass,Pass,Pass,Fail,Pass,Pass,Fail,0.41,45.06,85.00,False,0.14%,8.0千張,3.9千張,1.22x,正常,0.87%,81.30,45.43,3.14,5.27%,666.40%,26.1億,65.68,7.87%,"4,834",41.70%,8.17%,5.54%,5.57%,146.71%,-26.60%,666.40%,2.7億,28.54%,-69.4億,-53.15%,239.10%,218.70%,127.10%,81.3 [54.2-91.7],Technology,Semiconductors,高PE;低ROE;
9907.TW,統一實,14.8,基本面未標,觀察,50,Fail,Pass,Fail,Pass,未達標,合理,Fail,Pass,Fail,中等,1,5,6,1,Fail,Pass,Fail,Fail,Fail,Pass,Pass,Pass,Pass,Pass,Fail,Pass,Fail,Fail,1.24,40.77,85.00,False,-0.03%,972張,1.2千張,0.38x,量能萎縮,7.95%,15.63,9.37,1.12,6.92%,-46.70%,157.9億,13.22,6.30%,448,11.84%,4.78%,3.53%,6.79%,70.28%,-16.00%,-46.70%,34.8億,35.36%,22.9億,10.71%,222.89%,158.54%,257.86%,15.6 [15.2-19.7],Consumer Cyclical,Packaging & Containers,高PE;低ROE;
9921.TW,巨大,90.6,★賣出 (貴且差),觀察,50,Fail,Pass,Pass,Fail,未達標,昂貴,Fail,Pass,Pass,中等,0,6,6,1,Fail,Fail,Fail,Fail,Pass,Pass,Pass,Pass,Pass,Pass,Fail,Pass,Fail,Fail,1.09,32.28,85.00,False,-0.12%,1.5千張,1.6千張,0.39x,量能萎縮,2.01%,59.22,17.36,1.03,2.31%,237.50%,38.8億,87.75,20.57%,646,21.50%,6.00%,1.06%,2.30%,261.26%,5.80%,237.50%,93.4億,46.93%,26.6億,7.80%,184.90%,102.86%,1541.23%,59.2 [41.9-71.6],Consumer Cyclical,Leisure,高PE;低ROE;
6409.TW,旭隼,879.0,★賣出 (貴且差),觀察,50,Pass,Pass,Fail,Fail,未達標,昂貴,Pass,Pass,Fail,中等,0,6,6,0,Fail,Fail,Fail,Fail,Fail,Pass,Pass,Pass,Pass,Pass,Pass,Fail,Fail,Fail,0.38,31.52,85.00,False,-0.15%,295張,330張,0.66x,正常,4.18%,34.02,21.86,9.75,29.63%,-52.40%,8.8億,90.12,44.84%,231,27.31%,18.12%,11.63%,21.04%,86.14%,-2.60%,-52.40%,45.5億,44.08%,-53.0億,-55.47%,178.39%,152.29%,131.12%,34.0 [24.7-48.1],Industrials,Electrical Equipment & Parts,高PE;
2412.TW,中華電,145.0,★賣出 (貴且差),觀察,50,Fail,Pass,Pass,Fail,未達標,昂貴,Fail,Pass,Pass,中等,0,7,7,2,Fail,Fail,Fail,Fail,Pass,Pass,Pass,Pass,Pass,Pass,Pass,Pass,Pass,Fail,0.60,49.76,70.00,False,0.07%,1.1萬張,1.2萬張,0.53x,正常,3.80%,26.67,21.55,2.71,10.34%,4.60%,775.7億,47.26,22.93%,"8,288",36.71%,20.89%,16.29%,21.41%,97.56%,8.20%,4.60%,496.0億,25.61%,10.8億,0.28%,144.78%,125.88%,200.09%,26.7 [23.8-28.0],Communication Services,Telecom Services,高PE;低流動;
1503.TW,士電,196.0,★賣出 (貴且差),觀察,50,Fail,Pass,Pass,Fail,未達標,昂貴,Fail,Pass,Pass,中等,0,6,6,1,Fail,Fail,Fail,Fail,Pass,Pass,Pass,Pass,Pass,Pass,Fail,Pass,Fail,Fail,0.66,30.24,70.00,False,-0.05%,714張,1.4千張,0.42x,低檔盤整,2.78%,25.76,17.24,2.32,8.91%,31.70%,52.1億,74.28,4.69%,"4,004",21.18%,9.44%,9.01%,11.48%,82.20%,7.90%,31.70%,31.5億,38.68%,-35.4億,-9.77%,139.28%,81.57%,125.35%,25.8 [17.6-34.6],Industrials,Electrical Equipment & Parts,高PE;低流動;低ROE;
3702.TW,大聯大,117.5,基本面未標,觀察,50,Fail,Fail,Pass,Pass,未達標,合理,Fail,Fail,Pass,優良,2,7,9,1,Pass,Pass,Fail,Fail,Pass,Pass,Pass,Pass,Pass,Pass,Pass,Pass,Fail,Fail,1.19,69.50,65.00,False,0.17%,9.8千張,8.9千張,0.90x,正常,5.02%,12.99,8.40,1.42,11.14%,382.40%,172.8億,55.73,39.47%,"36,310",3.79%,2.19%,0.91%,1.37%,160.23%,82.20%,382.40%,219.5億,79.26%,1268.9億,153.17%,127.51%,77.61%,219.85%,13.0 [10.1-14.6],Technology,Electronics & Computer Distribution,高負債;低流動;
2882.TW,國泰金,110.5,基本面未標,觀察,50,Fail,Pass,Fail,Pass,未達標,便宜,Fail,Fail,Fail,優良,2,6,8,3,Pass,Pass,Fail,Fail,Fail,Pass,Pass,Pass,Pass,Pass,Pass,Pass,Pass,Pass,1.31,58.60,65.00,False,0.05%,2.1萬張,2.3萬張,0.51x,正常,5.50%,11.52,5.25,1.24,10.22%,-,1466.9億,75.57,33.74%,"24,882",45.83%,72.47%,7.23%,27.01%,268.33%,-62.40%,-,1829.3億,93.48%,-3488.1億,-37.58%,59.60%,53.80%,175.71%,11.5 [8.5-12.2],Financial Services,Insurance - Life,高負債;低流動;
3045.TW,台灣大,122.5,基本面未標,觀察,50,Pass,Fail,Pass,Fail,未達標,合理,Pass,Fail,Pass,中等,0,7,7,1,Fail,Fail,Fail,Fail,Pass,Pass,Pass,Pass,Pass,Pass,Pass,Pass,Fail,Fail,0.57,53.06,50.00,False,0.06%,1.0萬張,8.0千張,0.61x,正常,4.21%,23.36,18.84,3.94,17.64%,35.90%,306.0億,27.61,28.51%,"5,312",20.49%,11.06%,7.07%,10.03%,110.23%,4.10%,35.90%,261.9億,59.71%,878.4億,101.97%,68.72%,54.83%,259.75%,23.4 [22.9-25.3],Consumer Cyclical,Specialty Retail,高PE;高負債;低流動;
5871.TW,中租-KY,107.0,基本面未標,觀察,50,Fail,Fail,Pass,Pass,未達標,便宜,Fail,Fail,Pass,優良,2,6,9,3,Pass,Pass,Pass,Fail,Pass,Pass,Pass,Pass,Pass,Fail,Pass,Pass,Pass,Pass,1.64,47.28,50.00,False,-0.05%,9.1千張,7.1千張,0.64x,正常,5.92%,9.48,7.44,1.03,11.07%,4.70%,174.6億,105.66,26.21%,"7,831",67.70%,44.01%,32.99%,130.58%,33.70%,1.50%,4.70%,195.3億,79.97%,6485.6億,355.49%,112.18%,112.18%,102.42%,9.5 [8.1-11.4],Financial Services,Credit Services,高負債;低流動;低本業;
5903.TWO,全家,187.0,基本面未標,觀察,50,Pass,Fail,Pass,Fail,未達標,合理,Fail,Fail,Pass,中等,0,7,7,2,Fail,Fail,Fail,Fail,Pass,Pass,Pass,Pass,Pass,Pass,Pass,Pass,Pass,Fail,0.50,43.73,50.00,False,0.01%,27張,17張,2.52x,★底部起漲,3.48%,23.82,9.69,4.76,18.89%,56.70%,22.3億,39.30,0.91%,44,35.79%,1.94%,1.53%,2.07%,93.68%,6.50%,56.70%,58.3億,86.92%,298.3億,317.36%,48.04%,30.66%,612.96%,23.8 [22.9-24.2],Consumer Cyclical,Department Stores,高PE;高負債;低流動;
1216.TW,統一,74.5,基本面未標,觀察,50,Pass,Fail,Pass,Fail,未達標,合理,Fail,Fail,Pass,中等,0,7,7,2,Fail,Fail,Fail,Fail,Pass,Pass,Pass,Pass,Pass,Pass,Pass,Pass,Pass,Fail,0.63,42.04,50.00,False,-0.02%,7.8千張,8.7千張,0.55x,正常,4.01%,21.56,17.26,3.33,15.79%,44.30%,568.2億,23.99,37.41%,"12,391",33.05%,5.94%,2.94%,6.17%,96.32%,3.20%,44.30%,410.6億,71.43%,2055.3億,151.37%,87.44%,64.48%,384.07%,21.6 [20.5-24.2],Consumer Defensive,Packaged Foods,高PE;高負債;低流動;
2912.TW,統一超,212.5,基本面未標,觀察,50,Pass,Fail,Pass,Fail,未達標,合理,Fail,Fail,Pass,中等,0,7,7,2,Fail,Fail,Fail,Fail,Pass,Pass,Pass,Pass,Pass,Pass,Pass,Pass,Pass,Fail,0.55,39.69,50.00,False,-0.03%,1.8千張,1.4千張,1.48x,正常,3.86%,21.80,19.78,6.15,27.41%,4.50%,104.0億,39.41,27.92%,"3,299",34.45%,4.26%,3.21%,4.83%,88.18%,5.50%,4.50%,187.6億,81.91%,912.3億,214.34%,78.40%,56.25%,325.68%,21.8 [20.7-24.8],Consumer Defensive,Grocery Stores,高PE;高負債;低流動;
2327.TW,國巨*,580.0,基本面未標,觀察,50,Pass,Fail,Pass,Fail,未達標,合理,Fail,Fail,Pass,中等,0,7,7,2,Fail,Fail,Fail,Fail,Pass,Pass,Pass,Pass,Pass,Pass,Pass,Pass,Pass,Fail,0.62,35.93,50.00,False,-0.03%,3.4萬張,3.8萬張,0.91x,正常,2.18%,22.95,7.99,2.99,13.18%,88.70%,205.8億,86.02,23.77%,"37,314",35.18%,22.86%,16.22%,23.41%,97.65%,35.70%,88.70%,245.6億,55.48%,694.2億,40.63%,121.51%,98.26%,130.59%,22.9 [9.3-26.3],Technology,Electronic Components,高PE;高負債;低流動;
2887.TW,台新新光金,42.5,基本面未標,觀察,50,Fail,Pass,Fail,Pass,未達標,合理,Fail,Fail,Fail,中等,1,5,6,2,Pass,Fail,Fail,Fail,Pass,Fail,Pass,Pass,Pass,Pass,Fail,Pass,Fail,Pass,1.31,65.28,30.00,False,0.13%,6.0萬張,6.4萬張,0.34x,量能萎縮,4.90%,13.49,10.44,1.18,9.11%,-,2511.5億,27.84,15.07%,"55,509",0.00%,42.04%,31.86%,27.16%,154.77%,361.80%,-,-848.9億,94.48%,-255.0億,-5.27%,-,-,-220.79%,13.5 [9.8-14.6],Financial Services,Banks - Regional,高負債;負現金流;低ROE;
2885.TW,元大金,69.2,基本面未標,觀察,50,Fail,Fail,Pass,Pass,未達標,合理,Fail,Fail,Pass,優良,1,7,8,2,Pass,Fail,Fail,Fail,Pass,Pass,Pass,Pass,Pass,Pass,Pass,Pass,Pass,Fail,1.18,64.45,30.00,False,0.08%,2.3萬張,2.2萬張,0.57x,正常,4.22%,13.76,7.87,1.44,11.10%,257.10%,1386.4億,28.73,27.94%,"49,322",99.22%,28.66%,27.18%,36.67%,78.16%,53.90%,257.10%,-542.8億,91.42%,1732.4億,50.89%,43.05%,43.05%,-127.47%,13.8 [9.8-14.0],Financial Services,Financial Conglomerates,高負債;低流動;負現金流;
1604.TW,聲寶,23.4,基本面未標,觀察,50,Fail,Fail,Pass,Pass,未達標,合理,Fail,Fail,Fail,中等,2,4,6,1,Pass,Pass,Fail,Fail,Fail,Pass,Pass,Pass,Pass,Fail,Fail,Pass,Fail,Fail,1.52,53.51,30.00,False,0.01%,111張,188張,0.44x,低檔盤整,6.40%,13.63,11.37,0.95,7.52%,27.80%,37.4億,24.73,5.99%,83,18.72%,4.74%,7.09%,8.29%,57.20%,-0.30%,27.80%,-5.6億,51.99%,63.4億,73.52%,118.10%,73.57%,113.65%,13.6 [13.0-14.0],Consumer Cyclical,"Furnishings, Fixtures & Appliances",高負債;低流動;低本業;負現金流;低ROE;
3037.TW,欣興,1185.0,★賣出 (貴且差),觀察,50,Fail,Pass,Pass,Fail,未達標,昂貴,Fail,Fail,Pass,中等,0,6,6,1,Fail,Fail,Fail,Fail,Pass,Pass,Pass,Pass,Pass,Pass,Fail,Pass,Fail,Fail,0.45,41.85,30.00,False,0.07%,1.5萬張,2.2萬張,0.74x,正常,0.93%,77.67,15.85,2.66,3.75%,42982.60%,164.0億,77.89,30.28%,"34,009",12.88%,4.51%,2.54%,6.73%,67.05%,32.10%,42982.60%,-110.9億,58.17%,22.1億,2.20%,139.55%,115.96%,224.29%,77.7 [33.8-87.1],Technology,Electronic Components,高PE;高負債;低流動;負現金流;低ROE;
3324.TWO,雙鴻,1710.0,★賣出 (貴且差),觀察,50,Pass,Fail,Pass,Fail,未達標,昂貴,Pass,Fail,Pass,中等,0,7,7,0,Fail,Fail,Fail,Fail,Pass,Pass,Pass,Pass,Pass,Pass,Pass,Fail,Fail,Fail,0.42,67.75,15.00,False,0.50%,5.5千張,4.5千張,1.39x,正常,0.70%,37.59,13.69,12.00,38.18%,475.50%,9.3億,142.51,13.57%,"6,441",28.52%,15.98%,13.10%,14.08%,113.49%,64.00%,475.50%,-28.7億,56.00%,34.1億,30.77%,148.43%,100.06%,-22.20%,37.6 [17.7-37.6],Technology,Computer Hardware,高PE;高負債;低流動;負現金流;
2353.TW,宏碁,31.8,基本面未標,觀察,50,Fail,Pass,Pass,Fail,未達標,合理,Fail,Fail,Pass,中等,1,6,7,1,Fail,Pass,Fail,Fail,Pass,Pass,Pass,Pass,Pass,Pass,Fail,Pass,Fail,Fail,1.19,52.13,15.00,False,0.03%,1.5萬張,1.6萬張,0.54x,正常,6.08%,20.40,18.22,1.15,6.41%,100.00%,300.6億,25.67,20.50%,"17,848",10.61%,2.05%,1.55%,2.78%,73.85%,28.20%,100.00%,-55.4億,61.42%,3.1億,0.40%,136.76%,88.47%,-84.37%,20.4 [18.8-28.4],Technology,Computer Hardware,高PE;高負債;低流動;負現金流;低ROE;
1102.TW,亞泥,35.7,基本面未標,觀察,50,Fail,Fail,Pass,Pass,未達標,便宜,Fail,Pass,Fail,中等,2,5,7,1,Pass,Pass,Fail,Fail,Fail,Pass,Pass,Pass,Pass,Pass,Fail,Pass,Fail,Fail,1.78,56.67,100.00,False,0.03%,8.0千張,7.3千張,1.01x,正常,5.88%,10.56,8.54,0.76,6.26%,79.00%,354.7億,52.00,18.26%,"5,836",16.78%,13.50%,16.06%,17.61%,76.64%,-4.50%,79.00%,122.2億,37.22%,834.5億,46.29%,160.28%,147.94%,167.89%,10.6 [9.9-12.7],Basic Materials,Building Materials,低ROE;
6505.TW,台塑化,87.2,★賣出 (貴且差),待加強,25,Fail,Pass,Fail,Fail,未達標,昂貴,Fail,Pass,Fail,中等,0,6,6,1,Fail,Fail,Fail,Fail,Pass,Pass,Pass,Pass,Pass,Pass,Fail,Pass,Fail,Fail,0.67,55.12,85.00,False,0.22%,1.5萬張,2.5萬張,0.43x,量能萎縮,1.51%,82.81,28.46,1.65,1.95%,-,952.6億,51.11,0.96%,"12,415",2.58%,5.68%,0.96%,2.03%,279.78%,25.70%,-,370.0億,13.26%,-263.9億,-7.42%,654.11%,487.96%,440.41%,82.8 [46.8-89.4],Energy,Oil & Gas Refining & Marketing,高PE;低ROE;
8046.TW,南電,1240.0,★賣出 (貴且差),待加強,25,Fail,Pass,Fail,Fail,未達標,昂貴,Fail,Pass,Fail,中等,0,6,6,1,Fail,Fail,Fail,Fail,Pass,Pass,Pass,Pass,Pass,Pass,Fail,Pass,Fail,Fail,0.30,25.87,85.00,False,0.00%,1.4萬張,1.2萬張,1.14x,正常,0.40%,174.83,24.27,3.64,2.06%,-,64.6億,76.24,7.48%,"11,913",6.14%,5.66%,2.50%,5.84%,96.94%,41.70%,-,6.0億,24.64%,-73.5億,-15.95%,328.61%,258.11%,155.49%,174.8 [52.8-210.5],Technology,Electronic Components,高PE;低ROE;
1605.TW,華新,36.6,★賣出 (貴且差),待加強,25,Fail,Fail,Pass,Fail,未達標,昂貴,Fail,Fail,Pass,普通,0,4,4,1,Fail,Fail,Fail,Fail,Pass,Pass,Fail,Pass,Pass,Fail,Fail,Pass,Fail,Fail,17.53,37.71,50.00,False,-0.06%,1.6萬張,1.5萬張,0.41x,量能萎縮,1.76%,76.62,22.83,0.81,0.70%,1622.20%,443.1億,46.12,10.68%,"56,120",6.38%,-1.56%,0.89%,0.94%,-166.62%,6.90%,1622.20%,-66.6億,41.96%,730.1億,44.02%,159.84%,83.66%,165.72%,76.6 [46.9-95.5],Basic Materials,Steel,高PE;低本業;負現金流;低ROE;
2883.TW,凱基金,39.0,基本面未標,待加強,25,Fail,Fail,Fail,Pass,未達標,便宜,Fail,Fail,Fail,中等,2,5,7,3,Pass,Pass,Fail,Fail,Fail,Pass,Pass,Pass,Pass,Pass,Fail,Pass,Pass,Pass,1.41,69.36,30.00,False,0.19%,4.7萬張,4.8萬張,0.43x,量能萎縮,5.54%,11.97,5.28,1.03,7.82%,-,1697.5億,26.71,23.32%,"45,210",41.58%,53.62%,5.98%,41.18%,130.20%,-24.60%,-,-238.5億,92.05%,1238.7億,37.83%,119.90%,71.80%,-75.13%,12.0 [10.3-13.9],Financial Services,Insurance - Life,高負債;低流動;負現金流;低ROE;
3711.TW,日月光投控,699.0,★賣出 (貴且差),待加強,25,Fail,Fail,Pass,Fail,未達標,昂貴,Fail,Fail,Pass,中等,0,7,7,1,Fail,Fail,Fail,Fail,Pass,Pass,Pass,Pass,Pass,Pass,Pass,Pass,Fail,Fail,0.58,52.89,30.00,False,0.13%,1.8萬張,1.7萬張,0.62x,正常,2.53%,26.97,11.72,2.88,10.86%,171.20%,520.7億,88.50,30.44%,"33,914",16.85%,7.83%,5.60%,7.95%,98.50%,26.70%,171.20%,-236.0億,58.56%,1711.9億,50.03%,126.29%,98.36%,355.48%,27.0 [14.3-32.5],Technology,Semiconductors,高PE;高負債;低流動;負現金流;
5483.TWO,中美晶,188.5,基本面未標,待加強,25,Fail,Fail,Pass,Fail,未達標,合理,Fail,Fail,Pass,中等,1,5,6,1,Fail,Pass,Fail,Fail,Pass,Pass,Pass,Pass,Pass,Fail,Fail,Pass,Fail,Fail,1.04,48.35,30.00,False,0.03%,2.5萬張,1.5萬張,1.26x,正常,6.61%,21.37,8.21,1.28,5.97%,171.80%,61.4億,83.25,25.59%,"3,908",25.38%,8.77%,3.78%,15.15%,57.90%,4.40%,171.80%,-176.6億,55.82%,534.4億,108.07%,156.29%,136.46%,386.35%,21.4 [17.9-33.3],Technology,Semiconductor Equipment & Materials,高PE;高負債;低本業;負現金流;低ROE;
6488.TWO,環球晶,948.0,★賣出 (貴且差),待加強,25,Fail,Fail,Pass,Fail,未達標,昂貴,Fail,Fail,Fail,普通,0,4,4,1,Fail,Fail,Fail,Fail,Fail,Pass,Pass,Pass,Pass,Fail,Fail,Pass,Fail,Fail,0.73,32.60,30.00,False,-0.02%,1.5萬張,9.7千張,0.95x,正常,3.20%,29.86,9.26,1.83,6.06%,125.10%,47.8億,202.30,22.17%,"1,488",25.33%,8.48%,8.95%,15.70%,54.00%,-5.00%,125.10%,-207.6億,57.27%,547.7億,58.70%,160.10%,140.88%,174.30%,29.9 [21.7-48.4],Technology,Semiconductors,高PE;高負債;低本業;負現金流;低ROE;
8109.TWO,博大,132.0,持有/買進,★三好一公道,100,Pass,Pass,Pass,Pass,優良,合理,Pass,Pass,Pass,中等,0,7,7,2,Fail,Fail,Fail,Fail,Pass,Pass,Pass,Pass,Pass,Pass,Pass,Fail,Pass,Pass,0.71,51.66,85.00,False,0.01%,210張,226張,1.30x,正常,3.41%,17.74,9.98,3.62,20.91%,112.20%,8.1億,36.51,2.80%,296,50.16%,36.46%,31.48%,36.30%,100.45%,26.40%,112.20%,3.0億,21.18%,-13.6億,-43.57%,496.26%,431.64%,118.33%,17.7 [12.3-21.7],Industrials,Electrical Equipment & Parts,高PE;
2458.TW,義隆,137.5,持有/買進,★三好一公道,100,Pass,Pass,Pass,Pass,優良,合理,Pass,Pass,Pass,優良,2,7,9,2,Pass,Pass,Fail,Fail,Pass,Pass,Pass,Pass,Pass,Pass,Pass,Pass,Pass,Fail,0.99,51.52,100.00,True,-0.01%,1.6千張,1.3千張,2.00x,量能增加,6.44%,12.80,10.93,3.51,28.22%,148.00%,29.0億,39.15,34.70%,"2,701",47.85%,21.75%,24.78%,23.12%,94.05%,5.70%,148.00%,8.9億,32.86%,-5.3億,-5.16%,253.63%,203.52%,108.52%,12.8 [10.1-17.1],Technology,Semiconductors,
3034.TW,聯詠,543.0,持有/買進,★三好一公道,100,Pass,Pass,Pass,Pass,優良,合理,Pass,Pass,Pass,優良,2,7,9,2,Pass,Pass,Fail,Fail,Pass,Pass,Pass,Pass,Pass,Pass,Pass,Pass,Pass,Fail,0.91,50.04,100.00,True,-0.00%,3.5千張,3.1千張,1.11x,正常,7.20%,13.57,9.49,3.72,27.49%,69.20%,61.2億,113.33,48.74%,"2,682",38.00%,15.70%,16.93%,19.40%,80.91%,9.60%,69.20%,121.8億,30.43%,-418.7億,-61.81%,370.45%,326.93%,83.37%,13.6 [12.8-18.7],Technology,Semiconductors,
3014.TW,聯陽,140.5,基本面未標,★三好一公道,100,Pass,Pass,Pass,Pass,未達標,合理,Pass,Fail,Fail,優良,2,6,8,2,Pass,Pass,Fail,Fail,Fail,Pass,Pass,Pass,Pass,Pass,Pass,Pass,Pass,Fail,0.94,62.12,85.00,True,0.07%,3.4千張,1.3千張,1.76x,量能增加,6.05%,14.40,9.98,3.17,24.34%,27.00%,16.6億,44.27,23.26%,"2,404",56.01%,28.24%,23.91%,26.69%,105.81%,-4.60%,27.00%,8.5億,22.96%,-28.1億,-39.76%,336.31%,286.53%,58.91%,14.4 [10.8-16.3],Technology,Semiconductors,
2385.TW,群光,104.5,基本面未標,★三好一公道,100,Pass,Pass,Pass,Pass,未達標,便宜,Fail,Pass,Fail,中等,2,5,7,1,Pass,Pass,Fail,Fail,Fail,Pass,Pass,Pass,Pass,Fail,Pass,Pass,Fail,Fail,1.24,48.28,85.00,False,-0.03%,2.6千張,2.7千張,0.51x,正常,6.89%,11.85,9.46,1.71,16.12%,3.40%,72.8億,61.19,26.83%,"1,410",16.47%,2.45%,7.02%,9.54%,25.74%,-8.60%,3.40%,39.5億,48.23%,-123.1億,-27.77%,152.84%,118.55%,98.78%,11.8 [11.5-15.8],Technology,Computer Hardware,低本業;
2313.TW,華通,222.5,基本面未標,★三好一公道,100,Pass,Pass,Pass,Pass,未達標,合理,Fail,Pass,Pass,中等,0,7,7,1,Fail,Fail,Fail,Fail,Pass,Pass,Pass,Pass,Pass,Pass,Pass,Pass,Fail,Fail,0.93,38.80,85.00,False,-0.08%,1.6萬張,3.0萬張,0.23x,低檔盤整,3.14%,15.31,7.66,2.05,13.72%,77.80%,123.4億,40.76,16.27%,"6,396",17.95%,12.53%,7.96%,10.63%,117.85%,9.80%,77.80%,46.0億,47.11%,16.1億,3.36%,166.59%,128.90%,171.89%,15.3 [8.5-18.6],Technology,Electronic Components,高PE;
2546.TW,根基,106.5,基本面未標,★三好一公道,100,Pass,Pass,Pass,Pass,未達標,便宜,Fail,Fail,Pass,優良,1,7,9,0,Pass,Fail,Pass,Fail,Pass,Pass,Pass,Pass,Pass,Pass,Pass,Fail,Fail,Fail,1.73,-,80.00,False,-,-,-,-,-,4.51%,8.01,-,2.37,32.62%,269.20%,14.6億,44.94,0.97%,79,11.55%,16.36%,8.31%,7.27%,225.19%,30.60%,269.20%,19.7億,60.25%,-56.2億,-93.19%,161.62%,161.62%,162.10%,8.0 [nan-nan],Industrials,Engineering & Construction,高負債;
2884.TW,玉山金,45.6,基本面未標,★三好一公道,100,Pass,Pass,Pass,Pass,未達標,合理,Fail,Fail,Pass,中等,0,6,6,2,Fail,Fail,Fail,Fail,Pass,Fail,Pass,Pass,Pass,Pass,Pass,Pass,Fail,Pass,0.96,64.64,50.00,False,0.18%,3.5萬張,4.8萬張,0.38x,量能萎縮,3.99%,15.49,12.95,1.87,12.38%,42.90%,1619.2億,17.40,27.26%,"38,182",0.00%,48.23%,39.18%,44.80%,107.65%,34.40%,42.90%,340.1億,93.95%,-3248.7億,-119.11%,-,-,106.46%,15.5 [12.6-17.8],Financial Services,Banks - Regional,高PE;高負債;
2357.TW,華碩,953.0,基本面未標,★三好一公道,100,Pass,Pass,Pass,Pass,未達標,合理,Fail,Fail,Pass,優良,2,7,9,1,Pass,Pass,Fail,Fail,Pass,Pass,Pass,Pass,Pass,Pass,Pass,Pass,Fail,Fail,1.13,47.86,50.00,False,-0.01%,2.1千張,3.2千張,0.39x,低檔盤整,5.93%,12.30,6.57,1.65,13.24%,94.10%,74.3億,405.73,37.23%,"4,705",15.27%,4.91%,5.04%,7.44%,65.95%,37.10%,94.10%,275.0億,52.89%,-583.1億,-21.73%,147.66%,83.36%,68.07%,12.3 [9.0-15.4],Technology,Computer Hardware,高負債;低流動;
1513.TW,中興電,166.0,基本面未標,★三好一公道,100,Pass,Pass,Pass,Pass,未達標,合理,Pass,Fail,Pass,中等,0,7,7,1,Fail,Fail,Fail,Fail,Pass,Pass,Pass,Pass,Pass,Pass,Pass,Pass,Fail,Fail,0.65,42.82,50.00,False,-0.01%,1.9千張,1.8千張,0.67x,正常,3.04%,19.65,12.39,3.80,19.81%,34.60%,49.4億,42.15,14.55%,"8,583",25.40%,19.11%,13.96%,18.24%,104.78%,6.00%,34.60%,111.4億,56.21%,56.6億,27.38%,110.14%,59.94%,297.78%,19.6 [13.1-22.6],Industrials,Specialty Industrial Machinery,高PE;高負債;低流動;
8081.TW,致新,254.0,基本面未標,★三好一公道,100,Pass,Pass,Pass,Pass,未達標,合理,Pass,Pass,Fail,優良,2,6,8,1,Pass,Pass,Fail,Fail,Fail,Pass,Pass,Pass,Pass,Pass,Pass,Fail,Pass,Fail,0.85,45.36,100.00,True,-0.02%,217張,271張,0.80x,低檔盤整,6.30%,13.83,8.96,2.68,17.92%,22.20%,8.6億,94.75,16.27%,224,38.35%,20.18%,18.30%,20.62%,97.87%,-0.50%,22.20%,11.2億,18.45%,-44.8億,-55.12%,439.44%,345.39%,84.24%,13.8 [10.4-17.6],Technology,Semiconductors,
3008.TW,大立光,6245.0,基本面未標,★三好一公道,100,Pass,Pass,Pass,Pass,未達標,合理,Fail,Pass,Pass,優良,1,7,8,2,Pass,Fail,Fail,Fail,Pass,Pass,Pass,Pass,Pass,Pass,Pass,Fail,Pass,Pass,1.21,40.92,100.00,True,-0.12%,1.9千張,2.2千張,0.50x,量能萎縮,4.07%,12.24,10.04,1.54,13.26%,362.50%,13.1億,1464.41,29.69%,457,53.65%,35.44%,37.39%,42.36%,83.67%,17.10%,362.50%,135.7億,13.55%,-1158.2億,-61.32%,518.63%,496.07%,122.58%,12.2 [10.3-16.0],Technology,Electronic Components,
8069.TWO,元太,146.0,基本面未標,★三好一公道,100,Pass,Pass,Pass,Pass,未達標,便宜,Pass,Pass,Fail,中等,0,6,7,3,Fail,Fail,Fail,Pass,Fail,Pass,Pass,Pass,Pass,Pass,Pass,Pass,Pass,Pass,0.76,38.72,100.00,False,-0.09%,6.4千張,5.8千張,0.92x,正常,2.54%,17.61,17.89,3.47,21.31%,24.50%,115.5億,65.62,34.66%,"30,052",55.82%,34.92%,33.31%,35.34%,98.81%,-3.90%,24.50%,53.1億,34.81%,37.5億,5.45%,166.72%,147.24%,91.30%,17.6 [15.0-27.3],Technology,Electronic Components,高PE;
1702.TW,南僑,33.0,★賣出 (貴且差),待加強,0,Fail,Fail,Fail,Fail,未達標,昂貴,Fail,Fail,Fail,普通,0,4,4,1,Fail,Fail,Fail,Fail,Fail,Pass,Pass,Pass,Pass,Fail,Fail,Pass,Fail,Fail,1.63,49.74,30.00,False,0.01%,186張,139張,0.58x,正常,4.85%,49.25,9.99,0.68,2.08%,-29.60%,24.8億,48.43,4.16%,81,24.29%,1.40%,0.71%,3.10%,45.15%,-0.90%,-29.60%,-17.0億,53.57%,68.4億,57.08%,166.15%,121.66%,194.69%,49.3 [46.0-57.7],Consumer Defensive,Packaged Foods,高PE;高負債;低本業;負現金流;低ROE;
